"Invoice ID",City,"Customer type",Gender,"Product line",Payment
750-67-8428,Yangon,Member,Female,"Health and beauty",Ewallet
226-31-3081,Naypyitaw,Normal,Female,"Electronic accessories",Cash
631-41-3108,Yangon,Normal,Male,"Home and lifestyle","Credit card"
123-19-1176,Yangon,Member,Male,"Health and beauty",Ewallet
373-73-7910,Yangon,Normal,Male,"Sports and travel",Ewallet
699-14-3026,Naypyitaw,Normal,Male,"Electronic accessories",Ewallet
355-53-5943,Yangon,Member,Female,"Electronic accessories",Ewallet
315-22-5665,Naypyitaw,Normal,Female,"Home and lifestyle",Ewallet
665-32-9167,Yangon,Member,Female,"Health and beauty","Credit card"
692-92-5582,Mandalay,Member,Female,"Food and beverages","Credit card"
351-62-0822,Mandalay,Member,Female,"Fashion accessories",Ewallet
529-56-3974,Mandalay,Member,Male,"Electronic accessories",Cash
365-64-0515,Yangon,Normal,Female,"Electronic accessories",Ewallet
252-56-2699,Yangon,Normal,Male,"Food and beverages",Ewallet
829-34-3910,Yangon,Normal,Female,"Health and beauty",Cash
299-46-1805,Mandalay,Member,Female,"Sports and travel",Cash
656-95-9349,Yangon,Member,Female,"Health and beauty","Credit card"
765-26-6951,Yangon,Normal,Male,"Sports and travel","Credit card"
329-62-1586,Yangon,Normal,Male,"Food and beverages","Credit card"
319-50-3348,Mandalay,Normal,Female,"Home and lifestyle",Ewallet
300-71-4605,Naypyitaw,Member,Male,"Electronic accessories",Ewallet
371-85-5789,Mandalay,Normal,Male,"Health and beauty",Ewallet
273-16-6619,Mandalay,Normal,Male,"Home and lifestyle","Credit card"
636-48-8204,Yangon,Normal,Male,"Electronic accessories",Ewallet
549-59-1358,Yangon,Member,Male,"Sports and travel",Ewallet
227-03-5010,Yangon,Member,Female,"Home and lifestyle","Credit card"
649-29-6775,Mandalay,Normal,Male,"Fashion accessories",Cash
189-17-4241,Yangon,Normal,Female,"Fashion accessories","Credit card"
145-94-9061,Mandalay,Normal,Female,"Food and beverages",Cash
848-62-7243,Yangon,Normal,Male,"Health and beauty",Cash
871-79-8483,Mandalay,Normal,Male,"Fashion accessories","Credit card"
149-71-6266,Mandalay,Member,Male,"Sports and travel",Cash
640-49-2076,Mandalay,Normal,Male,"Sports and travel",Cash
595-11-5460,Yangon,Normal,Male,"Health and beauty","Credit card"
183-56-6882,Naypyitaw,Member,Female,"Food and beverages",Ewallet
232-16-2483,Naypyitaw,Member,Female,"Sports and travel",Ewallet
129-29-8530,Yangon,Member,Male,"Sports and travel",Ewallet
272-65-1806,Yangon,Normal,Female,"Electronic accessories",Ewallet
333-73-7901,Naypyitaw,Normal,Female,"Health and beauty",Ewallet
777-82-7220,Mandalay,Member,Male,"Home and lifestyle",Cash
280-35-5823,Mandalay,Member,Female,"Home and lifestyle",Ewallet
554-53-8700,Naypyitaw,Member,Male,"Home and lifestyle",Cash
354-25-5821,Mandalay,Member,Female,"Sports and travel",Cash
228-96-1411,Naypyitaw,Member,Female,"Food and beverages",Cash
617-15-4209,Naypyitaw,Member,Male,"Health and beauty",Cash
132-32-9879,Mandalay,Member,Female,"Electronic accessories",Cash
370-41-7321,Mandalay,Member,Male,"Health and beauty","Credit card"
727-46-3608,Mandalay,Member,Female,"Food and beverages",Ewallet
669-54-1719,Mandalay,Member,Male,"Electronic accessories","Credit card"
574-22-5561,Naypyitaw,Member,Female,"Fashion accessories",Ewallet
326-78-5178,Naypyitaw,Member,Male,"Food and beverages",Cash
162-48-8011,Yangon,Member,Female,"Food and beverages",Cash
616-24-2851,Mandalay,Member,Female,"Fashion accessories",Ewallet
778-71-5554,Naypyitaw,Member,Male,"Fashion accessories","Credit card"
242-55-6721,Mandalay,Normal,Male,"Home and lifestyle",Ewallet
399-46-5918,Naypyitaw,Normal,Female,"Electronic accessories",Cash
106-35-6779,Yangon,Member,Male,"Home and lifestyle",Cash
635-40-6220,Yangon,Normal,Male,"Health and beauty",Ewallet
817-48-8732,Yangon,Member,Female,"Home and lifestyle",Cash
120-06-4233,Naypyitaw,Normal,Male,"Electronic accessories",Cash
285-68-5083,Naypyitaw,Member,Female,"Sports and travel","Credit card"
803-83-5989,Naypyitaw,Normal,Male,"Home and lifestyle",Ewallet
347-34-2234,Mandalay,Member,Female,"Sports and travel",Ewallet
199-75-8169,Yangon,Member,Male,"Sports and travel","Credit card"
853-23-2453,Mandalay,Member,Male,"Health and beauty",Cash
877-22-3308,Yangon,Member,Male,"Health and beauty",Cash
838-78-4295,Naypyitaw,Normal,Female,"Health and beauty",Ewallet
109-28-2512,Mandalay,Member,Female,"Fashion accessories",Ewallet
232-11-3025,Yangon,Normal,Male,"Sports and travel",Cash
382-03-4532,Yangon,Member,Female,"Health and beauty",Cash
393-65-2792,Naypyitaw,Normal,Male,"Food and beverages","Credit card"
796-12-2025,Naypyitaw,Normal,Male,"Fashion accessories",Cash
510-95-6347,Mandalay,Member,Female,"Food and beverages",Ewallet
841-35-6630,Naypyitaw,Normal,Female,"Electronic accessories",Cash
287-21-9091,Yangon,Normal,Male,"Home and lifestyle",Ewallet
732-94-0499,Naypyitaw,Normal,Female,"Electronic accessories","Credit card"
263-10-3913,Naypyitaw,Member,Male,"Fashion accessories","Credit card"
381-20-0914,Yangon,Member,Female,"Fashion accessories","Credit card"
829-49-1914,Naypyitaw,Member,Female,"Food and beverages",Ewallet
756-01-7507,Naypyitaw,Normal,Female,"Health and beauty",Cash
870-72-4431,Naypyitaw,Normal,Female,"Health and beauty","Credit card"
847-38-7188,Mandalay,Normal,Female,"Food and beverages",Ewallet
480-63-2856,Naypyitaw,Normal,Male,"Food and beverages",Ewallet
787-56-0757,Naypyitaw,Member,Female,"Food and beverages","Credit card"
360-39-5055,Naypyitaw,Member,Male,"Sports and travel",Cash
730-50-9884,Naypyitaw,Normal,Female,"Sports and travel",Ewallet
362-58-8315,Naypyitaw,Normal,Male,"Fashion accessories",Cash
633-44-8566,Yangon,Member,Male,"Food and beverages","Credit card"
504-35-8843,Yangon,Normal,Male,"Sports and travel",Cash
318-68-5053,Mandalay,Normal,Female,"Health and beauty",Cash
565-80-5980,Naypyitaw,Member,Female,"Home and lifestyle",Cash
225-32-0908,Naypyitaw,Normal,Female,"Sports and travel",Ewallet
873-51-0671,Yangon,Member,Female,"Sports and travel",Ewallet
152-08-9985,Mandalay,Member,Male,"Health and beauty","Credit card"
512-91-0811,Naypyitaw,Normal,Male,"Health and beauty","Credit card"
594-34-4444,Yangon,Normal,Male,"Electronic accessories",Ewallet
766-85-7061,Mandalay,Normal,Male,"Health and beauty",Ewallet
871-39-9221,Naypyitaw,Normal,Female,"Electronic accessories",Cash
865-92-6136,Yangon,Normal,Male,"Food and beverages",Ewallet
733-01-9107,Mandalay,Normal,Male,"Home and lifestyle",Cash
163-56-7055,Naypyitaw,Member,Male,"Fashion accessories",Cash
189-98-2939,Naypyitaw,Normal,Male,"Fashion accessories",Cash
551-21-3069,Naypyitaw,Normal,Female,"Electronic accessories",Cash
212-62-1842,Yangon,Normal,Male,"Food and beverages",Cash
716-39-1409,Mandalay,Normal,Male,"Health and beauty",Cash
704-48-3927,Yangon,Member,Male,"Electronic accessories",Ewallet
628-34-3388,Naypyitaw,Normal,Male,"Fashion accessories","Credit card"
630-74-5166,Yangon,Normal,Male,"Sports and travel",Cash
588-01-7461,Naypyitaw,Normal,Female,"Food and beverages",Cash
861-77-0145,Naypyitaw,Member,Male,"Electronic accessories",Cash
479-26-8945,Mandalay,Member,Female,"Sports and travel",Ewallet
210-67-5886,Naypyitaw,Member,Female,"Health and beauty","Credit card"
227-78-1148,Mandalay,Normal,Female,"Fashion accessories",Cash
645-44-1170,Yangon,Member,Male,"Home and lifestyle",Ewallet
237-01-6122,Naypyitaw,Member,Female,"Home and lifestyle","Credit card"
225-98-1496,Naypyitaw,Normal,Female,"Fashion accessories","Credit card"
291-32-1427,Mandalay,Member,Male,"Fashion accessories",Ewallet
659-65-8956,Mandalay,Member,Male,"Fashion accessories",Ewallet
642-32-2990,Yangon,Normal,Female,"Food and beverages",Ewallet
378-24-2715,Mandalay,Normal,Male,"Home and lifestyle",Ewallet
638-60-7125,Yangon,Normal,Female,"Electronic accessories","Credit card"
659-36-1684,Naypyitaw,Member,Male,"Sports and travel","Credit card"
219-22-9386,Mandalay,Member,Male,"Sports and travel","Credit card"
336-78-2147,Naypyitaw,Member,Male,"Home and lifestyle","Credit card"
268-27-6179,Mandalay,Member,Female,"Fashion accessories",Ewallet
668-90-8900,Yangon,Normal,Female,"Home and lifestyle","Credit card"
870-54-3162,Yangon,Normal,Female,"Sports and travel",Cash
189-08-9157,Naypyitaw,Normal,Female,"Fashion accessories","Credit card"
663-86-9076,Naypyitaw,Member,Female,"Food and beverages",Ewallet
549-84-7482,Mandalay,Normal,Female,"Sports and travel",Ewallet
191-10-6171,Mandalay,Normal,Female,"Fashion accessories",Cash
802-70-5316,Yangon,Member,Female,"Sports and travel",Cash
695-51-0018,Mandalay,Normal,Female,"Sports and travel",Cash
590-83-4591,Mandalay,Member,Male,"Electronic accessories","Credit card"
483-71-1164,Naypyitaw,Normal,Female,"Health and beauty",Ewallet
597-78-7908,Naypyitaw,Normal,Male,"Fashion accessories",Cash
700-81-1757,Yangon,Normal,Female,"Electronic accessories","Credit card"
354-39-5160,Yangon,Member,Female,"Home and lifestyle",Cash
241-72-9525,Mandalay,Normal,Male,"Sports and travel",Cash
575-30-8091,Yangon,Normal,Male,"Sports and travel",Ewallet
731-81-9469,Naypyitaw,Member,Female,"Sports and travel","Credit card"
280-17-4359,Naypyitaw,Member,Male,"Health and beauty",Cash
338-65-2210,Naypyitaw,Member,Female,"Health and beauty",Cash
488-25-4221,Naypyitaw,Member,Female,"Food and beverages","Credit card"
239-10-7476,Yangon,Normal,Female,"Home and lifestyle",Ewallet
458-41-1477,Naypyitaw,Normal,Female,"Health and beauty","Credit card"
685-64-1609,Yangon,Member,Female,"Fashion accessories",Ewallet
568-90-5112,Naypyitaw,Normal,Male,"Health and beauty","Credit card"
262-47-2794,Mandalay,Member,Male,"Home and lifestyle","Credit card"
238-49-0436,Yangon,Normal,Male,"Health and beauty","Credit card"
608-96-3517,Mandalay,Member,Female,"Fashion accessories","Credit card"
584-86-7256,Naypyitaw,Member,Male,"Sports and travel","Credit card"
746-94-0204,Yangon,Normal,Male,"Fashion accessories","Credit card"
214-17-6927,Naypyitaw,Normal,Female,"Food and beverages",Ewallet
400-89-4171,Naypyitaw,Normal,Female,"Sports and travel",Cash
782-95-9291,Yangon,Member,Male,"Food and beverages","Credit card"
279-74-2924,Mandalay,Member,Male,"Electronic accessories",Cash
307-85-2293,Mandalay,Normal,Male,"Home and lifestyle",Ewallet
743-04-1105,Mandalay,Member,Male,"Health and beauty",Ewallet
423-57-2993,Mandalay,Normal,Male,"Sports and travel",Ewallet
894-41-5205,Naypyitaw,Normal,Female,"Food and beverages","Credit card"
275-28-0149,Yangon,Normal,Male,"Sports and travel",Cash
101-17-6199,Yangon,Normal,Male,"Food and beverages","Credit card"
423-80-0988,Naypyitaw,Normal,Male,"Sports and travel",Ewallet
548-46-9322,Mandalay,Normal,Male,"Food and beverages","Credit card"
505-02-0892,Mandalay,Member,Male,"Health and beauty",Ewallet
234-65-2137,Naypyitaw,Normal,Male,"Home and lifestyle",Cash
687-47-8271,Yangon,Normal,Male,"Fashion accessories","Credit card"
796-32-9050,Yangon,Normal,Male,"Food and beverages",Cash
105-31-1824,Yangon,Member,Male,"Sports and travel","Credit card"
249-42-3782,Yangon,Normal,Male,"Health and beauty",Ewallet
316-55-4634,Mandalay,Member,Male,"Food and beverages","Credit card"
733-33-4967,Naypyitaw,Normal,Male,"Electronic accessories",Cash
608-27-6295,Mandalay,Member,Male,"Electronic accessories","Credit card"
414-12-7047,Mandalay,Normal,Male,"Food and beverages",Ewallet
827-26-2100,Yangon,Member,Male,"Home and lifestyle",Ewallet
175-54-2529,Yangon,Member,Male,"Food and beverages","Credit card"
139-52-2867,Naypyitaw,Normal,Female,"Fashion accessories","Credit card"
407-63-8975,Yangon,Normal,Male,"Food and beverages",Ewallet
342-65-4817,Naypyitaw,Member,Male,"Health and beauty",Ewallet
130-98-8941,Naypyitaw,Normal,Male,"Fashion accessories",Cash
434-83-9547,Naypyitaw,Member,Male,"Food and beverages",Cash
851-28-6367,Yangon,Member,Male,"Sports and travel",Ewallet
824-88-3614,Naypyitaw,Normal,Male,"Health and beauty",Ewallet
586-25-0848,Yangon,Normal,Female,"Sports and travel","Credit card"
895-66-0685,Mandalay,Member,Male,"Food and beverages",Ewallet
305-14-0245,Mandalay,Member,Female,"Home and lifestyle",Ewallet
732-04-5373,Mandalay,Member,Male,"Home and lifestyle",Cash
400-60-7251,Yangon,Normal,Male,"Home and lifestyle",Ewallet
593-65-1552,Naypyitaw,Normal,Female,"Home and lifestyle","Credit card"
284-34-9626,Mandalay,Normal,Female,"Home and lifestyle","Credit card"
437-58-8131,Mandalay,Normal,Female,"Fashion accessories",Ewallet
286-43-6208,Naypyitaw,Normal,Female,"Food and beverages",Cash
641-43-2399,Mandalay,Normal,Male,"Home and lifestyle",Ewallet
831-07-6050,Yangon,Normal,Male,"Electronic accessories","Credit card"
556-86-3144,Naypyitaw,Member,Female,"Fashion accessories",Cash
848-24-9445,Naypyitaw,Member,Male,"Health and beauty",Cash
856-22-8149,Yangon,Normal,Female,"Home and lifestyle",Ewallet
699-01-4164,Naypyitaw,Normal,Male,"Health and beauty","Credit card"
420-11-4919,Naypyitaw,Member,Female,"Food and beverages","Credit card"
606-80-4905,Naypyitaw,Member,Female,"Sports and travel","Credit card"
542-41-0513,Mandalay,Member,Female,"Electronic accessories",Cash
426-39-2418,Naypyitaw,Normal,Male,"Electronic accessories",Cash
875-46-5808,Mandalay,Member,Male,"Health and beauty",Ewallet
394-43-4238,Mandalay,Member,Male,"Home and lifestyle","Credit card"
749-24-1565,Yangon,Normal,Female,"Health and beauty",Ewallet
672-51-8681,Naypyitaw,Member,Female,"Electronic accessories","Credit card"
263-87-5680,Naypyitaw,Member,Female,"Home and lifestyle",Ewallet
573-58-9734,Mandalay,Normal,Female,"Fashion accessories",Ewallet
817-69-8206,Mandalay,Normal,Female,"Electronic accessories","Credit card"
888-02-0338,Yangon,Normal,Male,"Electronic accessories",Ewallet
677-11-0152,Naypyitaw,Normal,Female,"Food and beverages",Cash
142-63-6033,Mandalay,Normal,Male,"Home and lifestyle",Ewallet
656-16-1063,Mandalay,Normal,Male,"Sports and travel","Credit card"
891-58-8335,Mandalay,Member,Female,"Sports and travel",Cash
802-43-8934,Yangon,Normal,Male,"Home and lifestyle","Credit card"
560-30-5617,Mandalay,Normal,Female,"Sports and travel",Cash
319-74-2561,Yangon,Member,Female,"Electronic accessories",Cash
549-03-9315,Mandalay,Normal,Male,"Fashion accessories",Ewallet
790-29-1172,Mandalay,Normal,Female,"Food and beverages","Credit card"
239-36-3640,Mandalay,Normal,Male,"Electronic accessories",Ewallet
468-01-2051,Mandalay,Normal,Male,"Food and beverages",Ewallet
389-25-3394,Naypyitaw,Normal,Male,"Electronic accessories",Cash
279-62-1445,Naypyitaw,Member,Female,"Fashion accessories",Cash
213-72-6612,Yangon,Normal,Male,"Food and beverages",Cash
746-68-6593,Naypyitaw,Member,Female,"Sports and travel","Credit card"
836-82-5858,Mandalay,Member,Male,"Health and beauty",Ewallet
583-72-1480,Naypyitaw,Member,Male,"Electronic accessories",Ewallet
466-61-5506,Mandalay,Member,Female,"Electronic accessories",Cash
721-86-6247,Yangon,Normal,Female,"Home and lifestyle",Ewallet
289-65-5721,Mandalay,Normal,Female,"Fashion accessories",Cash
545-46-3100,Mandalay,Member,Female,"Electronic accessories","Credit card"
418-02-5978,Mandalay,Normal,Female,"Health and beauty",Cash
269-04-5750,Mandalay,Member,Male,"Fashion accessories",Cash
157-13-5295,Yangon,Member,Male,"Health and beauty",Ewallet
645-78-8093,Yangon,Normal,Female,"Sports and travel",Ewallet
211-30-9270,Naypyitaw,Normal,Male,"Health and beauty","Credit card"
755-12-3214,Naypyitaw,Member,Female,"Fashion accessories","Credit card"
346-84-3103,Mandalay,Member,Female,"Electronic accessories",Cash
478-06-7835,Yangon,Normal,Male,"Fashion accessories",Ewallet
540-11-4336,Yangon,Normal,Male,"Food and beverages","Credit card"
448-81-5016,Yangon,Normal,Male,"Health and beauty","Credit card"
142-72-4741,Naypyitaw,Member,Male,"Fashion accessories","Credit card"
217-58-1179,Yangon,Member,Male,"Home and lifestyle",Cash
376-02-8238,Mandalay,Normal,Male,"Home and lifestyle","Credit card"
530-90-9855,Yangon,Member,Male,"Home and lifestyle",Cash
866-05-7563,Mandalay,Member,Female,"Electronic accessories",Cash
604-70-6476,Yangon,Member,Male,"Fashion accessories",Ewallet
799-71-1548,Yangon,Member,Male,"Electronic accessories","Credit card"
785-13-7708,Mandalay,Normal,Male,"Food and beverages","Credit card"
845-51-0542,Mandalay,Member,Male,"Food and beverages",Ewallet
662-47-5456,Naypyitaw,Member,Male,"Fashion accessories","Credit card"
883-17-4236,Naypyitaw,Normal,Female,"Sports and travel","Credit card"
290-68-2984,Yangon,Normal,Male,"Home and lifestyle",Cash
704-11-6354,Yangon,Member,Male,"Home and lifestyle",Cash
110-48-7033,Mandalay,Member,Male,"Fashion accessories",Cash
366-93-0948,Yangon,Member,Male,"Electronic accessories","Credit card"
729-09-9681,Yangon,Member,Male,"Home and lifestyle",Ewallet
151-16-1484,Yangon,Member,Male,"Electronic accessories",Ewallet
380-94-4661,Naypyitaw,Member,Male,"Electronic accessories","Credit card"
850-41-9669,Yangon,Normal,Female,"Electronic accessories",Ewallet
821-07-3596,Naypyitaw,Normal,Female,"Fashion accessories",Ewallet
655-85-5130,Mandalay,Member,Female,"Fashion accessories",Cash
447-15-7839,Yangon,Member,Female,"Sports and travel",Cash
154-74-7179,Mandalay,Normal,Male,"Sports and travel",Ewallet
253-12-6086,Yangon,Member,Female,"Sports and travel","Credit card"
808-65-0703,Naypyitaw,Normal,Male,"Home and lifestyle","Credit card"
571-94-0759,Mandalay,Member,Female,"Food and beverages",Cash
144-51-6085,Yangon,Member,Male,"Home and lifestyle","Credit card"
731-14-2199,Yangon,Member,Female,"Home and lifestyle",Ewallet
783-09-1637,Mandalay,Normal,Female,"Sports and travel",Ewallet
687-15-1097,Naypyitaw,Member,Female,"Health and beauty",Cash
126-54-1082,Yangon,Member,Female,"Home and lifestyle","Credit card"
633-91-1052,Yangon,Normal,Female,"Home and lifestyle",Cash
477-24-6490,Mandalay,Normal,Female,"Health and beauty",Ewallet
566-19-5475,Mandalay,Normal,Male,"Fashion accessories",Cash
526-86-8552,Naypyitaw,Member,Female,"Home and lifestyle",Cash
376-56-3573,Naypyitaw,Normal,Female,"Fashion accessories",Ewallet
537-72-0426,Naypyitaw,Member,Male,"Fashion accessories",Cash
828-61-5674,Yangon,Member,Male,"Sports and travel","Credit card"
136-08-6195,Yangon,Normal,Female,"Home and lifestyle","Credit card"
523-38-0215,Naypyitaw,Normal,Male,"Home and lifestyle","Credit card"
490-29-1201,Yangon,Normal,Female,"Sports and travel",Cash
667-92-0055,Yangon,Member,Male,"Health and beauty",Ewallet
565-17-3836,Yangon,Member,Female,"Health and beauty",Cash
498-41-1961,Mandalay,Normal,Male,"Health and beauty",Cash
593-95-4461,Naypyitaw,Member,Male,"Home and lifestyle",Cash
226-71-3580,Naypyitaw,Normal,Female,"Sports and travel",Cash
283-79-9594,Mandalay,Normal,Female,"Food and beverages","Credit card"
430-60-3493,Yangon,Member,Female,"Home and lifestyle",Cash
139-20-0155,Mandalay,Member,Male,"Electronic accessories","Credit card"
558-80-4082,Naypyitaw,Normal,Male,"Electronic accessories",Ewallet
278-97-7759,Yangon,Member,Female,"Electronic accessories",Cash
316-68-6352,Yangon,Member,Female,"Food and beverages",Cash
585-03-5943,Mandalay,Normal,Male,"Health and beauty",Ewallet
211-05-0490,Naypyitaw,Member,Female,"Electronic accessories",Cash
727-75-6477,Naypyitaw,Normal,Male,"Electronic accessories",Cash
744-02-5987,Yangon,Member,Male,"Home and lifestyle",Ewallet
307-83-9164,Yangon,Member,Male,"Home and lifestyle",Cash
779-06-0012,Naypyitaw,Member,Female,"Home and lifestyle",Cash
446-47-6729,Naypyitaw,Normal,Male,"Fashion accessories","Credit card"
573-10-3877,Mandalay,Member,Male,"Health and beauty","Credit card"
735-06-4124,Naypyitaw,Normal,Male,"Food and beverages",Cash
439-54-7422,Yangon,Normal,Female,"Electronic accessories","Credit card"
396-90-2219,Mandalay,Normal,Female,"Electronic accessories",Cash
411-77-0180,Yangon,Member,Male,"Electronic accessories",Ewallet
286-01-5402,Yangon,Normal,Female,"Sports and travel",Cash
803-17-8013,Yangon,Member,Female,"Home and lifestyle",Cash
512-98-1403,Yangon,Member,Female,"Electronic accessories",Ewallet
848-42-2560,Yangon,Normal,Female,"Fashion accessories",Cash
532-59-7201,Mandalay,Member,Male,"Sports and travel",Cash
181-94-6432,Naypyitaw,Member,Male,"Fashion accessories",Ewallet
870-76-1733,Yangon,Member,Female,"Food and beverages","Credit card"
423-64-4619,Yangon,Member,Female,"Health and beauty",Cash
227-07-4446,Naypyitaw,Member,Female,"Electronic accessories",Cash
174-36-3675,Naypyitaw,Member,Male,"Food and beverages",Cash
428-83-5800,Naypyitaw,Member,Female,"Food and beverages",Cash
603-07-0961,Naypyitaw,Member,Male,"Electronic accessories",Cash
704-20-4138,Naypyitaw,Member,Female,"Health and beauty","Credit card"
787-15-1757,Naypyitaw,Member,Male,"Health and beauty",Ewallet
649-11-3678,Naypyitaw,Normal,Female,"Food and beverages",Cash
622-20-1945,Naypyitaw,Normal,Female,"Health and beauty",Cash
372-94-8041,Yangon,Normal,Male,"Health and beauty",Ewallet
563-91-7120,Yangon,Normal,Female,"Fashion accessories",Cash
746-54-5508,Yangon,Normal,Male,"Home and lifestyle","Credit card"
276-54-0879,Mandalay,Normal,Male,"Sports and travel",Ewallet
815-11-1168,Yangon,Member,Male,"Food and beverages",Cash
719-76-3868,Naypyitaw,Member,Male,"Food and beverages",Cash
730-61-8757,Mandalay,Member,Male,"Health and beauty","Credit card"
340-66-0321,Yangon,Member,Male,"Electronic accessories",Cash
868-81-1752,Mandalay,Normal,Male,"Home and lifestyle",Cash
634-97-8956,Yangon,Normal,Male,"Food and beverages","Credit card"
566-71-1091,Yangon,Normal,Male,"Fashion accessories",Cash
442-48-3607,Yangon,Member,Male,"Food and beverages","Credit card"
835-16-0096,Naypyitaw,Member,Male,"Sports and travel",Ewallet
527-09-6272,Yangon,Member,Female,"Electronic accessories","Credit card"
898-04-2717,Yangon,Normal,Male,"Fashion accessories",Ewallet
692-27-8933,Mandalay,Normal,Female,"Sports and travel",Cash
633-09-3463,Naypyitaw,Normal,Female,"Electronic accessories","Credit card"
374-17-3652,Mandalay,Member,Female,"Food and beverages","Credit card"
378-07-7001,Mandalay,Member,Male,"Electronic accessories","Credit card"
433-75-6987,Mandalay,Member,Female,"Health and beauty",Ewallet
873-95-4984,Mandalay,Member,Female,"Health and beauty",Cash
416-13-5917,Naypyitaw,Normal,Female,"Food and beverages",Ewallet
150-89-8043,Yangon,Normal,Male,"Sports and travel",Cash
135-84-8019,Yangon,Normal,Female,"Fashion accessories",Ewallet
441-94-7118,Yangon,Member,Male,"Electronic accessories",Cash
725-96-3778,Naypyitaw,Member,Female,"Home and lifestyle",Cash
531-80-1784,Yangon,Normal,Male,"Electronic accessories",Cash
400-45-1220,Mandalay,Normal,Female,"Health and beauty","Credit card"
860-79-0874,Naypyitaw,Member,Female,"Fashion accessories","Credit card"
834-61-8124,Yangon,Normal,Male,"Electronic accessories",Cash
115-99-4379,Mandalay,Member,Female,"Fashion accessories","Credit card"
565-67-6697,Mandalay,Member,Male,"Home and lifestyle",Cash
320-49-6392,Naypyitaw,Normal,Female,"Electronic accessories",Cash
889-04-9723,Mandalay,Member,Female,"Food and beverages","Credit card"
632-90-0281,Naypyitaw,Normal,Female,"Fashion accessories","Credit card"
554-42-2417,Naypyitaw,Normal,Female,"Sports and travel",Cash
453-63-6187,Mandalay,Normal,Male,"Electronic accessories",Ewallet
578-80-7669,Mandalay,Normal,Male,"Sports and travel",Cash
612-36-5536,Yangon,Member,Male,"Food and beverages","Credit card"
605-72-4132,Naypyitaw,Normal,Female,"Food and beverages",Cash
471-41-2823,Naypyitaw,Normal,Male,"Food and beverages",Ewallet
462-67-9126,Yangon,Normal,Male,"Home and lifestyle",Cash
272-27-9238,Naypyitaw,Normal,Female,"Food and beverages",Cash
834-25-9262,Naypyitaw,Normal,Female,"Fashion accessories",Cash
122-61-9553,Naypyitaw,Normal,Female,"Electronic accessories",Cash
468-88-0009,Yangon,Member,Male,"Home and lifestyle",Cash
613-59-9758,Naypyitaw,Normal,Female,"Sports and travel",Cash
254-31-0042,Yangon,Member,Male,"Electronic accessories","Credit card"
201-86-2184,Mandalay,Member,Female,"Electronic accessories",Cash
261-12-8671,Mandalay,Normal,Female,"Fashion accessories","Credit card"
730-70-9830,Naypyitaw,Normal,Female,"Home and lifestyle",Ewallet
382-25-8917,Naypyitaw,Normal,Male,"Fashion accessories",Cash
422-29-8786,Yangon,Normal,Female,"Home and lifestyle","Credit card"
667-23-5919,Yangon,Member,Female,"Fashion accessories",Ewallet
843-01-4703,Mandalay,Member,Female,"Home and lifestyle","Credit card"
743-88-1662,Naypyitaw,Normal,Male,"Sports and travel",Ewallet
595-86-2894,Naypyitaw,Member,Male,"Fashion accessories",Ewallet
182-69-8360,Mandalay,Normal,Female,"Electronic accessories","Credit card"
289-15-7034,Yangon,Member,Male,"Sports and travel","Credit card"
462-78-5240,Naypyitaw,Normal,Female,"Electronic accessories",Cash
868-52-7573,Mandalay,Normal,Female,"Food and beverages",Cash
153-58-4872,Naypyitaw,Member,Female,"Food and beverages",Ewallet
662-72-2873,Yangon,Normal,Female,"Food and beverages",Ewallet
525-88-7307,Mandalay,Member,Male,"Sports and travel",Cash
689-16-9784,Naypyitaw,Normal,Male,"Food and beverages",Cash
725-56-0833,Yangon,Normal,Female,"Health and beauty","Credit card"
394-41-0748,Naypyitaw,Member,Female,"Fashion accessories",Ewallet
596-42-3999,Mandalay,Normal,Male,"Food and beverages","Credit card"
541-89-9860,Naypyitaw,Member,Female,"Fashion accessories",Cash
173-82-9529,Mandalay,Normal,Female,"Fashion accessories",Cash
563-36-9814,Yangon,Member,Male,"Electronic accessories",Ewallet
308-47-4913,Yangon,Member,Female,"Sports and travel","Credit card"
885-17-6250,Yangon,Normal,Female,"Health and beauty",Ewallet
726-27-2396,Yangon,Normal,Female,"Health and beauty",Ewallet
316-01-3952,Yangon,Normal,Female,"Food and beverages",Ewallet
760-54-1821,Mandalay,Normal,Male,"Home and lifestyle",Cash
793-10-3222,Mandalay,Member,Female,"Health and beauty","Credit card"
346-12-3257,Mandalay,Member,Male,"Electronic accessories",Cash
110-05-6330,Naypyitaw,Normal,Female,"Food and beverages","Credit card"
651-61-0874,Naypyitaw,Normal,Male,"Home and lifestyle","Credit card"
236-86-3015,Naypyitaw,Member,Male,"Home and lifestyle",Ewallet
831-64-0259,Mandalay,Normal,Female,"Fashion accessories",Ewallet
587-03-7455,Naypyitaw,Member,Female,"Fashion accessories",Ewallet
882-40-4577,Yangon,Member,Male,"Sports and travel","Credit card"
732-67-5346,Yangon,Normal,Male,"Food and beverages","Credit card"
725-32-9708,Mandalay,Member,Female,"Fashion accessories",Cash
256-08-8343,Yangon,Normal,Female,"Home and lifestyle",Ewallet
372-26-1506,Naypyitaw,Normal,Female,"Fashion accessories",Ewallet
244-08-0162,Mandalay,Normal,Female,"Health and beauty",Cash
569-71-4390,Mandalay,Normal,Male,"Sports and travel",Ewallet
132-23-6451,Yangon,Member,Male,"Health and beauty",Cash
696-90-2548,Yangon,Normal,Male,"Sports and travel",Ewallet
472-15-9636,Yangon,Normal,Male,"Home and lifestyle",Ewallet
268-03-6164,Mandalay,Normal,Male,"Health and beauty",Ewallet
750-57-9686,Naypyitaw,Normal,Female,"Home and lifestyle","Credit card"
186-09-3669,Naypyitaw,Member,Female,"Health and beauty",Ewallet
848-07-1692,Mandalay,Normal,Female,"Health and beauty",Ewallet
745-71-3520,Yangon,Member,Female,"Electronic accessories",Cash
266-76-6436,Naypyitaw,Member,Female,"Food and beverages",Ewallet
740-22-2500,Naypyitaw,Normal,Female,"Electronic accessories",Cash
271-88-8734,Naypyitaw,Member,Female,"Fashion accessories","Credit card"
301-81-8610,Mandalay,Member,Male,"Fashion accessories","Credit card"
489-64-4354,Naypyitaw,Normal,Male,"Fashion accessories",Cash
198-84-7132,Mandalay,Member,Male,"Fashion accessories",Cash
269-10-8440,Yangon,Member,Male,"Health and beauty",Cash
650-98-6268,Mandalay,Member,Female,"Food and beverages","Credit card"
741-73-3559,Mandalay,Normal,Male,"Sports and travel",Cash
325-77-6186,Yangon,Member,Female,"Home and lifestyle",Ewallet
286-75-7818,Mandalay,Normal,Male,"Fashion accessories","Credit card"
574-57-9721,Naypyitaw,Normal,Male,"Food and beverages",Ewallet
459-50-7686,Yangon,Normal,Female,"Electronic accessories",Ewallet
616-87-0016,Mandalay,Normal,Male,"Fashion accessories","Credit card"
837-55-7229,Mandalay,Normal,Female,"Fashion accessories","Credit card"
751-69-0068,Naypyitaw,Normal,Male,"Sports and travel",Ewallet
257-73-1380,Naypyitaw,Member,Male,"Sports and travel",Ewallet
345-08-4992,Yangon,Normal,Male,"Home and lifestyle","Credit card"
549-96-4200,Naypyitaw,Member,Male,"Food and beverages",Ewallet
810-60-6344,Naypyitaw,Normal,Female,"Electronic accessories","Credit card"
450-28-2866,Naypyitaw,Member,Male,"Food and beverages",Cash
394-30-3170,Mandalay,Member,Female,"Sports and travel","Credit card"
138-17-5109,Yangon,Member,Female,"Home and lifestyle","Credit card"
192-98-7397,Naypyitaw,Normal,Male,"Fashion accessories",Ewallet
301-11-9629,Yangon,Normal,Female,"Sports and travel",Cash
390-80-5128,Mandalay,Member,Female,"Health and beauty","Credit card"
235-46-8343,Naypyitaw,Member,Male,"Food and beverages","Credit card"
453-12-7053,Naypyitaw,Normal,Male,"Fashion accessories","Credit card"
296-11-7041,Mandalay,Member,Female,"Health and beauty","Credit card"
449-27-2918,Mandalay,Member,Female,"Sports and travel","Credit card"
891-01-7034,Mandalay,Normal,Female,"Electronic accessories",Cash
744-09-5786,Mandalay,Normal,Male,"Electronic accessories",Cash
727-17-0390,Yangon,Normal,Female,"Food and beverages",Ewallet
568-88-3448,Yangon,Normal,Male,"Health and beauty",Ewallet
187-83-5490,Yangon,Member,Male,"Electronic accessories",Cash
767-54-1907,Mandalay,Member,Female,"Fashion accessories",Cash
710-46-4433,Mandalay,Member,Female,"Food and beverages","Credit card"
533-33-5337,Mandalay,Normal,Male,"Electronic accessories",Cash
325-90-8763,Naypyitaw,Member,Female,"Electronic accessories",Cash
729-46-7422,Naypyitaw,Normal,Male,"Food and beverages","Credit card"
639-76-1242,Naypyitaw,Normal,Male,"Food and beverages",Cash
234-03-4040,Mandalay,Member,Female,"Food and beverages","Credit card"
326-71-2155,Naypyitaw,Normal,Female,"Sports and travel",Cash
320-32-8842,Naypyitaw,Member,Female,"Food and beverages",Cash
470-32-9057,Yangon,Member,Male,"Food and beverages","Credit card"
878-30-2331,Naypyitaw,Member,Female,"Sports and travel","Credit card"
440-59-5691,Naypyitaw,Member,Female,"Health and beauty","Credit card"
554-53-3790,Mandalay,Normal,Male,"Sports and travel",Cash
746-19-0921,Naypyitaw,Normal,Male,"Food and beverages",Ewallet
233-34-0817,Naypyitaw,Member,Female,"Electronic accessories",Cash
767-05-1286,Naypyitaw,Member,Female,"Home and lifestyle",Ewallet
340-21-9136,Yangon,Member,Female,"Sports and travel",Cash
405-31-3305,Yangon,Member,Male,"Fashion accessories","Credit card"
731-59-7531,Mandalay,Member,Male,"Health and beauty",Cash
676-39-6028,Yangon,Member,Female,"Electronic accessories",Cash
502-05-1910,Yangon,Normal,Male,"Health and beauty","Credit card"
485-30-8700,Yangon,Normal,Female,"Sports and travel","Credit card"
598-47-9715,Naypyitaw,Normal,Male,"Electronic accessories",Ewallet
701-69-8742,Mandalay,Normal,Male,"Sports and travel",Ewallet
575-67-1508,Yangon,Normal,Male,"Electronic accessories",Ewallet
541-08-3113,Naypyitaw,Normal,Male,"Food and beverages",Cash
246-11-3901,Naypyitaw,Normal,Female,"Electronic accessories",Cash
674-15-9296,Yangon,Normal,Male,"Sports and travel",Ewallet
305-18-3552,Mandalay,Member,Male,"Home and lifestyle",Cash
493-65-6248,Naypyitaw,Member,Female,"Sports and travel","Credit card"
438-01-4015,Mandalay,Member,Female,"Sports and travel",Ewallet
709-58-4068,Mandalay,Normal,Female,"Fashion accessories",Cash
795-49-7276,Yangon,Normal,Male,"Fashion accessories",Ewallet
556-72-8512,Naypyitaw,Normal,Male,"Home and lifestyle",Cash
627-95-3243,Mandalay,Member,Female,"Home and lifestyle",Ewallet
686-41-0932,Mandalay,Normal,Female,"Fashion accessories",Ewallet
510-09-5628,Yangon,Member,Female,"Fashion accessories","Credit card"
608-04-3797,Mandalay,Member,Female,"Health and beauty",Ewallet
148-82-2527,Naypyitaw,Member,Female,"Home and lifestyle","Credit card"
437-53-3084,Mandalay,Normal,Male,"Fashion accessories",Ewallet
632-32-4574,Mandalay,Normal,Male,"Sports and travel",Cash
556-97-7101,Naypyitaw,Normal,Female,"Electronic accessories",Cash
862-59-8517,Naypyitaw,Normal,Female,"Food and beverages",Cash
401-18-8016,Mandalay,Member,Female,"Sports and travel",Cash
420-18-8989,Yangon,Member,Female,"Sports and travel",Cash
277-63-2961,Mandalay,Member,Male,"Sports and travel","Credit card"
573-98-8548,Naypyitaw,Member,Female,"Fashion accessories",Ewallet
620-02-2046,Naypyitaw,Normal,Male,"Home and lifestyle",Ewallet
282-35-2475,Mandalay,Normal,Female,"Sports and travel",Cash
511-54-3087,Mandalay,Normal,Male,"Sports and travel","Credit card"
726-29-6793,Yangon,Member,Male,"Electronic accessories",Ewallet
387-49-4215,Mandalay,Member,Female,"Sports and travel",Cash
862-17-9201,Mandalay,Normal,Female,"Food and beverages","Credit card"
291-21-5991,Mandalay,Member,Male,"Health and beauty",Cash
602-80-9671,Naypyitaw,Member,Female,"Home and lifestyle","Credit card"
347-72-6115,Mandalay,Member,Female,"Sports and travel","Credit card"
209-61-0206,Yangon,Normal,Female,"Home and lifestyle",Ewallet
595-27-4851,Yangon,Normal,Female,"Fashion accessories",Ewallet
189-52-0236,Yangon,Normal,Male,"Electronic accessories",Cash
503-07-0930,Naypyitaw,Member,Male,"Sports and travel","Credit card"
413-20-6708,Naypyitaw,Member,Female,"Fashion accessories",Ewallet
425-85-2085,Mandalay,Member,Male,"Health and beauty",Ewallet
521-18-7827,Naypyitaw,Member,Male,"Home and lifestyle","Credit card"
220-28-1851,Yangon,Normal,Male,"Home and lifestyle",Ewallet
600-38-9738,Naypyitaw,Member,Male,"Sports and travel","Credit card"
734-91-1155,Mandalay,Normal,Female,"Electronic accessories","Credit card"
451-28-5717,Naypyitaw,Member,Female,"Home and lifestyle",Cash
609-81-8548,Yangon,Member,Female,"Home and lifestyle","Credit card"
133-14-7229,Naypyitaw,Normal,Male,"Health and beauty",Cash
534-01-4457,Yangon,Normal,Male,"Food and beverages","Credit card"
719-89-8991,Yangon,Member,Female,"Sports and travel",Ewallet
286-62-6248,Mandalay,Normal,Male,"Fashion accessories","Credit card"
339-38-9982,Mandalay,Member,Male,"Fashion accessories",Ewallet
827-44-5872,Mandalay,Member,Female,"Food and beverages","Credit card"
827-77-7633,Yangon,Normal,Male,"Sports and travel",Cash
287-83-1405,Yangon,Normal,Male,"Health and beauty",Ewallet
435-13-4908,Yangon,Member,Male,"Fashion accessories","Credit card"
857-67-9057,Mandalay,Normal,Male,"Electronic accessories",Ewallet
236-27-1144,Naypyitaw,Normal,Female,"Food and beverages",Ewallet
892-05-6689,Yangon,Normal,Female,"Home and lifestyle",Ewallet
583-41-4548,Naypyitaw,Normal,Male,"Home and lifestyle",Ewallet
339-12-4827,Mandalay,Member,Female,"Fashion accessories","Credit card"
643-38-7867,Yangon,Normal,Male,"Home and lifestyle",Ewallet
308-81-0538,Yangon,Normal,Female,"Fashion accessories","Credit card"
358-88-9262,Naypyitaw,Member,Female,"Food and beverages",Ewallet
460-35-4390,Yangon,Normal,Male,"Home and lifestyle",Ewallet
343-87-0864,Naypyitaw,Member,Male,"Health and beauty","Credit card"
173-50-1108,Mandalay,Member,Female,"Sports and travel","Credit card"
243-47-2663,Naypyitaw,Member,Male,"Electronic accessories","Credit card"
841-18-8232,Mandalay,Normal,Female,"Food and beverages","Credit card"
701-23-5550,Mandalay,Member,Male,"Home and lifestyle",Ewallet
647-50-1224,Yangon,Normal,Female,"Fashion accessories",Ewallet
541-48-8554,Yangon,Normal,Male,"Sports and travel","Credit card"
539-21-7227,Mandalay,Normal,Female,"Sports and travel",Cash
213-32-1216,Yangon,Normal,Female,"Electronic accessories",Cash
747-58-7183,Mandalay,Normal,Male,"Fashion accessories",Ewallet
582-52-8065,Mandalay,Normal,Female,"Fashion accessories",Cash
210-57-1719,Mandalay,Normal,Female,"Health and beauty",Cash
399-69-4630,Naypyitaw,Normal,Male,"Electronic accessories","Credit card"
134-75-2619,Yangon,Member,Male,"Electronic accessories",Cash
356-44-8813,Mandalay,Normal,Male,"Home and lifestyle","Credit card"
198-66-9832,Mandalay,Member,Female,"Fashion accessories",Cash
283-26-5248,Naypyitaw,Member,Female,"Food and beverages",Ewallet
712-39-0363,Yangon,Member,Male,"Food and beverages",Ewallet
218-59-9410,Yangon,Member,Female,"Home and lifestyle",Ewallet
174-75-0888,Mandalay,Normal,Male,"Electronic accessories",Cash
866-99-7614,Naypyitaw,Normal,Male,"Food and beverages","Credit card"
134-54-4720,Mandalay,Normal,Female,"Electronic accessories",Ewallet
760-90-2357,Yangon,Member,Male,"Electronic accessories",Ewallet
514-37-2845,Mandalay,Normal,Male,"Fashion accessories",Cash
698-98-5964,Yangon,Normal,Female,"Food and beverages","Credit card"
718-57-9773,Naypyitaw,Normal,Female,"Sports and travel","Credit card"
651-88-7328,Yangon,Normal,Female,"Fashion accessories",Cash
241-11-2261,Mandalay,Normal,Female,"Fashion accessories","Credit card"
408-26-9866,Naypyitaw,Normal,Female,"Sports and travel",Ewallet
834-83-1826,Mandalay,Member,Female,"Home and lifestyle","Credit card"
343-61-3544,Mandalay,Member,Male,"Sports and travel",Cash
239-48-4278,Yangon,Member,Male,"Food and beverages",Ewallet
355-34-6244,Mandalay,Normal,Male,"Food and beverages","Credit card"
550-84-8664,Yangon,Normal,Male,"Sports and travel","Credit card"
339-96-8318,Mandalay,Member,Male,"Fashion accessories",Ewallet
458-61-0011,Mandalay,Normal,Male,"Food and beverages",Cash
592-34-6155,Naypyitaw,Normal,Male,"Food and beverages",Ewallet
797-88-0493,Yangon,Normal,Female,"Health and beauty",Cash
207-73-1363,Mandalay,Normal,Male,"Health and beauty",Ewallet
390-31-6381,Naypyitaw,Normal,Male,"Food and beverages",Cash
443-82-0585,Yangon,Member,Female,"Health and beauty",Cash
339-18-7061,Naypyitaw,Member,Female,"Fashion accessories","Credit card"
359-90-3665,Mandalay,Member,Female,"Fashion accessories","Credit card"
375-72-3056,Mandalay,Normal,Male,"Sports and travel",Ewallet
127-47-6963,Yangon,Normal,Male,"Health and beauty","Credit card"
278-86-2735,Yangon,Normal,Female,"Food and beverages",Cash
695-28-6250,Yangon,Normal,Female,"Sports and travel",Ewallet
379-17-6588,Naypyitaw,Normal,Male,"Fashion accessories",Cash
227-50-3718,Yangon,Normal,Male,"Health and beauty",Cash
302-15-2162,Naypyitaw,Member,Male,"Health and beauty","Credit card"
788-07-8452,Naypyitaw,Member,Female,"Home and lifestyle",Ewallet
560-49-6611,Yangon,Member,Female,"Sports and travel",Cash
880-35-0356,Yangon,Member,Female,"Sports and travel",Ewallet
585-11-6748,Mandalay,Member,Male,"Sports and travel",Cash
470-31-3286,Mandalay,Normal,Male,"Health and beauty","Credit card"
152-68-2907,Yangon,Normal,Male,"Food and beverages","Credit card"
123-35-4896,Naypyitaw,Normal,Female,"Sports and travel",Ewallet
258-69-7810,Naypyitaw,Normal,Female,"Fashion accessories",Cash
334-64-2006,Yangon,Member,Female,"Home and lifestyle",Ewallet
219-61-4139,Naypyitaw,Normal,Male,"Electronic accessories",Ewallet
881-41-7302,Naypyitaw,Normal,Female,"Fashion accessories","Credit card"
373-09-4567,Naypyitaw,Normal,Male,"Food and beverages",Ewallet
642-30-6693,Mandalay,Normal,Female,"Sports and travel",Ewallet
484-22-8230,Naypyitaw,Member,Female,"Fashion accessories",Cash
830-58-2383,Mandalay,Normal,Male,"Home and lifestyle",Cash
559-98-9873,Yangon,Member,Female,"Fashion accessories",Ewallet
544-32-5024,Naypyitaw,Member,Female,"Food and beverages","Credit card"
318-12-0304,Yangon,Normal,Male,"Fashion accessories",Ewallet
349-97-8902,Mandalay,Member,Male,"Food and beverages",Ewallet
421-95-9805,Yangon,Normal,Female,"Electronic accessories","Credit card"
277-35-5865,Naypyitaw,Member,Female,"Food and beverages",Cash
789-23-8625,Mandalay,Member,Male,"Fashion accessories",Cash
284-54-4231,Naypyitaw,Member,Male,"Sports and travel","Credit card"
443-59-0061,Yangon,Member,Male,"Food and beverages",Ewallet
509-29-3912,Yangon,Member,Female,"Sports and travel",Ewallet
327-40-9673,Mandalay,Member,Male,"Sports and travel",Cash
840-19-2096,Naypyitaw,Member,Male,"Electronic accessories",Ewallet
828-46-6863,Yangon,Member,Male,"Food and beverages","Credit card"
641-96-3695,Naypyitaw,Member,Female,"Fashion accessories",Ewallet
420-97-3340,Yangon,Normal,Female,"Food and beverages","Credit card"
436-54-4512,Yangon,Member,Female,"Food and beverages",Cash
670-79-6321,Mandalay,Member,Female,"Home and lifestyle","Credit card"
852-62-7105,Mandalay,Normal,Female,"Fashion accessories","Credit card"
598-06-7312,Mandalay,Member,Male,"Fashion accessories",Cash
135-13-8269,Mandalay,Member,Female,"Food and beverages",Cash
816-57-2053,Yangon,Normal,Male,"Sports and travel",Ewallet
628-90-8624,Mandalay,Member,Male,"Health and beauty",Cash
856-66-2701,Yangon,Member,Male,"Home and lifestyle",Ewallet
308-39-1707,Yangon,Normal,Female,"Fashion accessories","Credit card"
149-61-1929,Yangon,Normal,Male,"Sports and travel","Credit card"
655-07-2265,Yangon,Normal,Male,"Electronic accessories",Ewallet
589-02-8023,Yangon,Member,Male,"Food and beverages","Credit card"
420-04-7590,Mandalay,Normal,Male,"Home and lifestyle",Ewallet
182-88-2763,Mandalay,Member,Male,"Food and beverages","Credit card"
188-55-0967,Mandalay,Member,Male,"Health and beauty","Credit card"
610-46-4100,Yangon,Normal,Male,"Health and beauty","Credit card"
318-81-2368,Naypyitaw,Normal,Female,"Electronic accessories",Cash
364-33-8584,Mandalay,Member,Female,"Food and beverages",Cash
665-63-9737,Mandalay,Normal,Male,"Fashion accessories",Ewallet
695-09-5146,Mandalay,Member,Female,"Food and beverages",Ewallet
155-45-3814,Naypyitaw,Member,Female,"Electronic accessories",Ewallet
794-32-2436,Mandalay,Member,Male,"Electronic accessories",Ewallet
131-15-8856,Naypyitaw,Member,Female,"Food and beverages","Credit card"
273-84-2164,Naypyitaw,Member,Male,"Electronic accessories",Ewallet
706-36-6154,Yangon,Member,Male,"Home and lifestyle",Ewallet
778-89-7974,Naypyitaw,Normal,Male,"Health and beauty",Cash
574-31-8277,Mandalay,Member,Male,"Fashion accessories",Cash
859-71-0933,Naypyitaw,Member,Female,"Sports and travel",Cash
740-11-5257,Naypyitaw,Normal,Male,"Electronic accessories",Cash
369-82-2676,Mandalay,Normal,Male,"Electronic accessories",Ewallet
563-47-4072,Mandalay,Normal,Female,"Health and beauty",Cash
742-04-5161,Yangon,Member,Male,"Home and lifestyle",Cash
149-15-7606,Mandalay,Member,Male,"Sports and travel",Ewallet
133-77-3154,Mandalay,Member,Male,"Fashion accessories","Credit card"
169-52-4504,Yangon,Normal,Female,"Electronic accessories","Credit card"
250-81-7186,Naypyitaw,Normal,Female,"Electronic accessories","Credit card"
562-12-5430,Yangon,Member,Female,"Fashion accessories",Ewallet
816-72-8853,Yangon,Member,Female,"Sports and travel",Cash
491-38-3499,Yangon,Member,Male,"Fashion accessories","Credit card"
322-02-2271,Mandalay,Normal,Female,"Sports and travel",Cash
842-29-4695,Naypyitaw,Member,Male,"Sports and travel","Credit card"
725-67-2480,Mandalay,Member,Female,"Fashion accessories","Credit card"
641-51-2661,Naypyitaw,Member,Female,"Food and beverages","Credit card"
714-02-3114,Naypyitaw,Normal,Female,"Sports and travel",Cash
518-17-2983,Yangon,Normal,Female,"Fashion accessories",Ewallet
779-42-2410,Mandalay,Member,Male,"Food and beverages",Ewallet
190-14-3147,Mandalay,Normal,Female,"Health and beauty",Ewallet
408-66-6712,Naypyitaw,Member,Female,"Health and beauty",Ewallet
679-22-6530,Mandalay,Normal,Female,"Sports and travel","Credit card"
588-47-8641,Yangon,Member,Male,"Fashion accessories",Ewallet
642-61-4706,Mandalay,Member,Male,"Food and beverages",Cash
576-31-4774,Mandalay,Normal,Female,"Health and beauty",Ewallet
556-41-6224,Naypyitaw,Normal,Male,"Health and beauty","Credit card"
811-03-8790,Yangon,Normal,Female,"Electronic accessories","Credit card"
242-11-3142,Mandalay,Member,Male,"Fashion accessories",Cash
752-23-3760,Mandalay,Member,Female,"Sports and travel","Credit card"
274-05-5470,Yangon,Member,Female,"Food and beverages",Cash
648-94-3045,Naypyitaw,Normal,Male,"Health and beauty",Ewallet
130-67-4723,Yangon,Member,Male,"Food and beverages",Ewallet
528-87-5606,Mandalay,Member,Female,"Electronic accessories",Cash
320-85-2052,Mandalay,Normal,Female,"Sports and travel","Credit card"
370-96-0655,Naypyitaw,Normal,Female,"Fashion accessories",Ewallet
105-10-6182,Yangon,Member,Male,"Fashion accessories",Ewallet
510-79-0415,Mandalay,Member,Female,"Sports and travel",Ewallet
241-96-5076,Mandalay,Member,Female,"Home and lifestyle","Credit card"
767-97-4650,Mandalay,Member,Female,"Sports and travel","Credit card"
648-83-1321,Yangon,Member,Male,"Home and lifestyle",Cash
173-57-2300,Naypyitaw,Member,Male,"Sports and travel",Cash
305-03-2383,Yangon,Normal,Female,"Food and beverages",Cash
394-55-6384,Naypyitaw,Member,Female,"Sports and travel",Cash
266-20-6657,Naypyitaw,Member,Male,"Food and beverages",Ewallet
689-05-1884,Yangon,Member,Male,"Health and beauty",Cash
196-01-2849,Naypyitaw,Member,Female,"Fashion accessories",Cash
372-62-5264,Naypyitaw,Normal,Female,"Food and beverages",Cash
800-09-8606,Yangon,Member,Female,"Home and lifestyle",Cash
182-52-7000,Yangon,Member,Female,"Sports and travel",Ewallet
826-58-8051,Mandalay,Normal,Male,"Home and lifestyle",Ewallet
868-06-0466,Yangon,Member,Male,"Electronic accessories","Credit card"
751-41-9720,Naypyitaw,Normal,Male,"Home and lifestyle",Ewallet
626-43-7888,Naypyitaw,Normal,Female,"Fashion accessories",Ewallet
176-64-7711,Mandalay,Normal,Male,"Food and beverages","Credit card"
191-29-0321,Mandalay,Member,Female,"Fashion accessories","Credit card"
729-06-2010,Mandalay,Member,Male,"Health and beauty",Cash
640-48-5028,Mandalay,Member,Female,"Home and lifestyle",Cash
186-79-9562,Mandalay,Normal,Male,"Health and beauty",Cash
834-45-5519,Mandalay,Normal,Female,"Electronic accessories",Ewallet
162-65-8559,Naypyitaw,Member,Male,"Food and beverages",Cash
760-27-5490,Naypyitaw,Normal,Male,"Fashion accessories",Ewallet
445-30-9252,Yangon,Normal,Male,"Sports and travel",Ewallet
786-94-2700,Yangon,Member,Male,"Food and beverages",Cash
728-88-7867,Naypyitaw,Member,Female,"Home and lifestyle",Ewallet
183-21-3799,Naypyitaw,Normal,Female,"Electronic accessories",Ewallet
268-20-3585,Naypyitaw,Normal,Female,"Health and beauty",Ewallet
735-32-9839,Naypyitaw,Member,Male,"Fashion accessories",Ewallet
258-92-7466,Yangon,Normal,Female,"Health and beauty","Credit card"
857-16-3520,Yangon,Member,Female,"Fashion accessories",Ewallet
482-17-1179,Yangon,Member,Male,"Electronic accessories","Credit card"
788-21-5741,Yangon,Normal,Male,"Fashion accessories","Credit card"
821-14-9046,Mandalay,Member,Female,"Fashion accessories","Credit card"
418-05-0656,Mandalay,Normal,Female,"Fashion accessories",Cash
678-79-0726,Naypyitaw,Member,Female,"Sports and travel",Cash
776-68-1096,Mandalay,Normal,Male,"Home and lifestyle","Credit card"
592-46-1692,Naypyitaw,Member,Female,"Food and beverages",Cash
434-35-9162,Mandalay,Member,Male,"Food and beverages",Ewallet
149-14-0304,Naypyitaw,Member,Female,"Health and beauty",Cash
442-44-6497,Naypyitaw,Member,Male,"Home and lifestyle","Credit card"
174-64-0215,Mandalay,Normal,Male,"Sports and travel","Credit card"
210-74-9613,Naypyitaw,Normal,Male,"Fashion accessories",Ewallet
299-29-0180,Mandalay,Member,Female,"Home and lifestyle",Cash
247-11-2470,Yangon,Member,Female,"Fashion accessories","Credit card"
635-28-5728,Yangon,Normal,Male,"Health and beauty",Ewallet
756-49-0168,Yangon,Member,Male,"Fashion accessories",Ewallet
438-23-1242,Mandalay,Normal,Male,"Electronic accessories",Ewallet
238-45-6950,Mandalay,Member,Male,"Food and beverages",Ewallet
607-65-2441,Naypyitaw,Member,Male,"Health and beauty","Credit card"
386-27-7606,Naypyitaw,Member,Female,"Home and lifestyle","Credit card"
137-63-5492,Naypyitaw,Normal,Male,"Electronic accessories",Ewallet
197-77-7132,Mandalay,Member,Male,"Electronic accessories",Ewallet
805-86-0265,Yangon,Normal,Male,"Home and lifestyle",Cash
733-29-1227,Naypyitaw,Normal,Male,"Home and lifestyle",Cash
451-73-2711,Naypyitaw,Normal,Male,"Food and beverages",Ewallet
373-14-0504,Yangon,Member,Female,"Sports and travel",Ewallet
546-80-2899,Yangon,Member,Male,"Home and lifestyle",Ewallet
345-68-9016,Naypyitaw,Member,Female,"Sports and travel","Credit card"
390-17-5806,Naypyitaw,Member,Female,"Food and beverages",Cash
457-13-1708,Mandalay,Member,Male,"Fashion accessories","Credit card"
664-14-2882,Naypyitaw,Member,Female,"Home and lifestyle","Credit card"
487-79-6868,Mandalay,Member,Female,"Home and lifestyle","Credit card"
314-23-4520,Naypyitaw,Member,Male,"Health and beauty",Cash
210-30-7976,Mandalay,Member,Female,"Fashion accessories",Ewallet
585-86-8361,Yangon,Normal,Female,"Food and beverages","Credit card"
807-14-7833,Yangon,Member,Female,"Electronic accessories",Ewallet
775-72-1988,Mandalay,Normal,Male,"Home and lifestyle",Ewallet
288-38-3758,Naypyitaw,Member,Female,"Fashion accessories",Ewallet
652-43-6591,Yangon,Normal,Female,"Fashion accessories","Credit card"
785-96-0615,Mandalay,Member,Female,"Electronic accessories",Ewallet
406-46-7107,Yangon,Normal,Female,"Home and lifestyle",Cash
250-17-5703,Yangon,Member,Male,"Food and beverages",Ewallet
156-95-3964,Yangon,Normal,Female,"Food and beverages",Ewallet
842-40-8179,Mandalay,Member,Female,"Food and beverages","Credit card"
525-09-8450,Mandalay,Normal,Male,"Electronic accessories","Credit card"
410-67-1709,Yangon,Member,Female,"Fashion accessories",Ewallet
587-73-4862,Yangon,Member,Female,"Health and beauty",Ewallet
787-87-2010,Yangon,Member,Male,"Health and beauty","Credit card"
593-14-4239,Mandalay,Normal,Female,"Home and lifestyle",Ewallet
801-88-0346,Naypyitaw,Normal,Female,"Fashion accessories","Credit card"
388-76-2555,Mandalay,Normal,Male,"Sports and travel",Cash
711-31-1234,Mandalay,Normal,Female,"Electronic accessories",Cash
886-54-6089,Yangon,Normal,Female,"Home and lifestyle",Cash
707-32-7409,Mandalay,Member,Female,"Sports and travel",Ewallet
759-98-4285,Naypyitaw,Member,Female,"Health and beauty","Credit card"
201-63-8275,Naypyitaw,Member,Female,"Sports and travel",Ewallet
471-06-8611,Naypyitaw,Normal,Female,"Food and beverages","Credit card"
200-16-5952,Naypyitaw,Member,Male,"Food and beverages",Cash
120-54-2248,Mandalay,Normal,Female,"Food and beverages","Credit card"
102-77-2261,Naypyitaw,Member,Male,"Health and beauty","Credit card"
875-31-8302,Mandalay,Normal,Male,"Sports and travel",Cash
102-06-2002,Naypyitaw,Member,Male,"Sports and travel",Cash
457-94-0464,Mandalay,Member,Male,"Electronic accessories",Ewallet
629-42-4133,Naypyitaw,Normal,Male,"Health and beauty",Cash
534-53-3526,Yangon,Normal,Female,"Sports and travel",Ewallet
307-04-2070,Yangon,Member,Female,"Fashion accessories","Credit card"
468-99-7231,Naypyitaw,Normal,Female,"Home and lifestyle",Cash
516-77-6464,Naypyitaw,Member,Female,"Health and beauty",Ewallet
404-91-5964,Yangon,Normal,Male,"Electronic accessories","Credit card"
886-77-9084,Naypyitaw,Normal,Male,"Electronic accessories",Ewallet
790-38-4466,Naypyitaw,Normal,Female,"Health and beauty","Credit card"
704-10-4056,Naypyitaw,Member,Male,"Health and beauty","Credit card"
497-37-6538,Yangon,Normal,Male,"Sports and travel",Ewallet
651-96-5970,Yangon,Normal,Male,"Fashion accessories","Credit card"
400-80-4065,Naypyitaw,Member,Male,"Health and beauty","Credit card"
744-16-7898,Mandalay,Normal,Female,"Home and lifestyle","Credit card"
263-12-5321,Yangon,Member,Male,"Electronic accessories","Credit card"
702-72-0487,Yangon,Normal,Female,"Electronic accessories","Credit card"
605-83-1050,Mandalay,Normal,Male,"Fashion accessories",Ewallet
443-60-9639,Naypyitaw,Member,Female,"Home and lifestyle",Cash
864-24-7918,Yangon,Member,Female,"Sports and travel",Cash
359-94-5395,Mandalay,Normal,Male,"Health and beauty","Credit card"
401-09-4232,Naypyitaw,Member,Male,"Home and lifestyle",Ewallet
751-15-6198,Mandalay,Normal,Male,"Sports and travel",Ewallet
324-41-6833,Naypyitaw,Member,Female,"Electronic accessories",Ewallet
474-33-8305,Naypyitaw,Member,Male,"Fashion accessories",Ewallet
759-29-9521,Yangon,Member,Female,"Fashion accessories",Cash
831-81-6575,Mandalay,Member,Female,"Electronic accessories",Cash
220-68-6701,Yangon,Normal,Female,"Home and lifestyle",Cash
618-34-8551,Yangon,Normal,Female,"Sports and travel","Credit card"
257-60-7754,Yangon,Normal,Female,"Electronic accessories",Cash
559-61-5987,Mandalay,Normal,Female,"Health and beauty",Cash
189-55-2313,Naypyitaw,Normal,Female,"Fashion accessories",Ewallet
565-91-4567,Mandalay,Normal,Male,"Health and beauty",Ewallet
380-60-5336,Yangon,Normal,Female,"Electronic accessories","Credit card"
815-04-6282,Naypyitaw,Member,Female,"Sports and travel","Credit card"
674-56-6360,Yangon,Normal,Male,"Electronic accessories",Cash
778-34-2523,Yangon,Member,Female,"Electronic accessories",Cash
499-27-7781,Mandalay,Normal,Female,"Food and beverages",Ewallet
477-59-2456,Naypyitaw,Normal,Female,"Fashion accessories",Cash
832-51-6761,Yangon,Normal,Male,"Food and beverages",Ewallet
869-11-3082,Mandalay,Member,Male,"Health and beauty","Credit card"
190-59-3964,Mandalay,Member,Male,"Food and beverages","Credit card"
366-43-6862,Mandalay,Normal,Male,"Electronic accessories",Ewallet
186-43-8965,Yangon,Member,Female,"Home and lifestyle","Credit card"
784-21-9238,Naypyitaw,Member,Male,"Sports and travel",Cash
276-75-6884,Yangon,Normal,Female,"Health and beauty",Cash
109-86-4363,Mandalay,Member,Female,"Sports and travel","Credit card"
569-76-2760,Yangon,Member,Female,"Sports and travel","Credit card"
222-42-0244,Mandalay,Member,Female,"Health and beauty","Credit card"
760-53-9233,Yangon,Member,Male,"Fashion accessories","Credit card"
538-22-0304,Naypyitaw,Normal,Male,"Electronic accessories",Cash
416-17-9926,Yangon,Member,Female,"Electronic accessories","Credit card"
237-44-6163,Yangon,Normal,Male,"Electronic accessories",Cash
636-17-0325,Mandalay,Normal,Male,"Health and beauty",Cash
343-75-9322,Mandalay,Member,Female,"Sports and travel",Cash
528-14-9470,Yangon,Member,Male,"Health and beauty",Ewallet
427-45-9297,Mandalay,Member,Female,"Home and lifestyle",Ewallet
807-34-3742,Yangon,Normal,Male,"Fashion accessories",Cash
288-62-1085,Yangon,Member,Male,"Fashion accessories",Ewallet
670-71-7306,Mandalay,Normal,Male,"Sports and travel","Credit card"
660-29-7083,Naypyitaw,Normal,Male,"Electronic accessories",Cash
271-77-8740,Naypyitaw,Member,Female,"Sports and travel",Ewallet
497-36-0989,Yangon,Normal,Male,"Fashion accessories",Cash
291-59-1384,Mandalay,Normal,Male,"Electronic accessories",Cash
860-73-6466,Yangon,Member,Female,"Sports and travel","Credit card"
549-23-9016,Naypyitaw,Member,Female,"Food and beverages","Credit card"
896-34-0956,Yangon,Normal,Male,"Fashion accessories",Cash
804-38-3935,Yangon,Member,Male,"Electronic accessories","Credit card"
585-90-0249,Yangon,Member,Male,"Electronic accessories",Ewallet
862-29-5914,Naypyitaw,Normal,Female,"Sports and travel","Credit card"
845-94-6841,Naypyitaw,Member,Female,"Food and beverages",Cash
125-45-2293,Yangon,Normal,Female,"Fashion accessories",Cash
843-73-4724,Yangon,Normal,Male,"Fashion accessories",Cash
409-33-9708,Yangon,Normal,Female,"Fashion accessories",Ewallet
658-66-3967,Naypyitaw,Normal,Male,"Health and beauty",Ewallet
866-70-2814,Mandalay,Normal,Female,"Electronic accessories",Ewallet
160-22-2687,Yangon,Member,Female,"Health and beauty",Ewallet
895-03-6665,Mandalay,Normal,Female,"Fashion accessories",Cash
770-42-8960,Mandalay,Normal,Male,"Food and beverages",Cash
748-45-2862,Yangon,Member,Female,"Home and lifestyle",Cash
234-36-2483,Mandalay,Normal,Male,"Health and beauty",Cash
316-66-3011,Yangon,Member,Female,"Food and beverages",Cash
848-95-6252,Naypyitaw,Member,Female,"Home and lifestyle",Ewallet
840-76-5966,Yangon,Member,Male,"Sports and travel",Ewallet
152-03-4217,Mandalay,Normal,Female,"Home and lifestyle","Credit card"
533-66-5566,Mandalay,Normal,Female,"Home and lifestyle",Cash
124-31-1458,Yangon,Member,Female,"Electronic accessories",Cash
176-78-1170,Naypyitaw,Member,Male,"Health and beauty",Ewallet
361-59-0574,Mandalay,Member,Male,"Sports and travel","Credit card"
101-81-4070,Naypyitaw,Member,Female,"Health and beauty",Ewallet
631-34-1880,Naypyitaw,Member,Male,"Food and beverages","Credit card"
852-82-2749,Yangon,Normal,Male,"Sports and travel",Ewallet
873-14-6353,Yangon,Member,Male,"Food and beverages","Credit card"
584-66-4073,Naypyitaw,Normal,Male,"Fashion accessories",Ewallet
544-55-9589,Mandalay,Member,Female,"Electronic accessories",Cash
166-19-2553,Yangon,Member,Male,"Sports and travel",Cash
737-88-5876,Yangon,Member,Male,"Home and lifestyle","Credit card"
154-87-7367,Naypyitaw,Normal,Male,"Home and lifestyle",Ewallet
885-56-0389,Naypyitaw,Member,Male,"Fashion accessories",Cash
608-05-3804,Mandalay,Member,Male,"Electronic accessories",Cash
448-61-3783,Yangon,Normal,Female,"Electronic accessories","Credit card"
761-49-0439,Mandalay,Member,Female,"Electronic accessories",Ewallet
490-95-0021,Mandalay,Member,Female,"Food and beverages",Ewallet
115-38-7388,Naypyitaw,Member,Female,"Fashion accessories","Credit card"
311-13-6971,Mandalay,Member,Male,"Sports and travel","Credit card"
291-55-6563,Yangon,Member,Female,"Home and lifestyle",Ewallet
548-48-3156,Yangon,Member,Female,"Food and beverages",Cash
460-93-5834,Yangon,Normal,Male,"Sports and travel",Cash
325-89-4209,Yangon,Member,Male,"Food and beverages",Ewallet
884-80-6021,Yangon,Member,Female,"Electronic accessories",Ewallet
137-74-8729,Naypyitaw,Normal,Female,"Fashion accessories",Ewallet
880-46-5796,Yangon,Member,Male,"Sports and travel",Ewallet
389-70-2397,Naypyitaw,Normal,Female,"Health and beauty",Cash
114-35-5271,Mandalay,Normal,Female,"Electronic accessories",Cash
607-76-6216,Naypyitaw,Member,Female,"Fashion accessories","Credit card"
715-20-1673,Mandalay,Normal,Male,"Electronic accessories",Cash
811-35-1094,Mandalay,Member,Male,"Electronic accessories","Credit card"
699-88-1972,Mandalay,Normal,Male,"Health and beauty","Credit card"
781-84-8059,Naypyitaw,Normal,Male,"Fashion accessories",Ewallet
409-49-6995,Naypyitaw,Member,Female,"Food and beverages",Cash
725-54-0677,Naypyitaw,Member,Male,"Health and beauty",Cash
146-09-5432,Yangon,Member,Male,"Food and beverages",Ewallet
377-79-7592,Naypyitaw,Member,Female,"Electronic accessories","Credit card"
509-10-0516,Mandalay,Normal,Male,"Home and lifestyle",Ewallet
595-94-9924,Yangon,Member,Female,"Health and beauty","Credit card"
865-41-9075,Yangon,Normal,Male,"Food and beverages",Cash
545-07-8534,Naypyitaw,Normal,Female,"Health and beauty",Ewallet
118-62-1812,Naypyitaw,Member,Female,"Home and lifestyle",Cash
450-42-3339,Naypyitaw,Normal,Male,"Health and beauty","Credit card"
851-98-3555,Mandalay,Normal,Female,"Health and beauty","Credit card"
186-71-5196,Yangon,Member,Female,"Food and beverages",Ewallet
624-01-8356,Mandalay,Normal,Female,"Home and lifestyle","Credit card"
313-66-9943,Mandalay,Member,Female,"Food and beverages","Credit card"
151-27-8496,Naypyitaw,Normal,Female,"Electronic accessories",Ewallet
453-33-6436,Yangon,Normal,Female,"Home and lifestyle",Cash
522-57-8364,Yangon,Member,Male,"Fashion accessories",Ewallet
459-45-2396,Yangon,Member,Female,"Food and beverages",Cash
717-96-4189,Naypyitaw,Normal,Female,"Electronic accessories",Cash
722-13-2115,Naypyitaw,Member,Male,"Sports and travel","Credit card"
749-81-8133,Yangon,Normal,Female,"Fashion accessories",Cash
777-67-2495,Mandalay,Normal,Male,"Home and lifestyle",Ewallet
636-98-3364,Mandalay,Member,Female,"Electronic accessories",Ewallet
246-55-6923,Naypyitaw,Member,Female,"Home and lifestyle","Credit card"
181-82-6255,Mandalay,Normal,Female,"Home and lifestyle",Cash
838-02-1821,Naypyitaw,Member,Female,"Home and lifestyle","Credit card"
887-42-0517,Naypyitaw,Normal,Female,"Sports and travel","Credit card"
457-12-0244,Naypyitaw,Member,Female,"Sports and travel",Ewallet
226-34-0034,Mandalay,Normal,Female,"Electronic accessories",Ewallet
321-49-7382,Mandalay,Member,Male,"Sports and travel","Credit card"
397-25-8725,Yangon,Member,Female,"Health and beauty","Credit card"
431-66-2305,Mandalay,Normal,Female,"Electronic accessories","Credit card"
825-94-5922,Mandalay,Normal,Male,"Sports and travel",Ewallet
641-62-7288,Mandalay,Normal,Male,"Home and lifestyle",Ewallet
756-93-1854,Naypyitaw,Member,Female,"Fashion accessories","Credit card"
243-55-8457,Yangon,Normal,Female,"Food and beverages",Ewallet
458-10-8612,Naypyitaw,Normal,Male,"Health and beauty",Ewallet
501-61-1753,Mandalay,Normal,Female,"Home and lifestyle",Ewallet
235-06-8510,Naypyitaw,Member,Male,"Home and lifestyle",Ewallet
433-08-7822,Naypyitaw,Normal,Female,"Health and beauty",Ewallet
361-85-2571,Yangon,Normal,Female,"Sports and travel",Cash
131-70-8179,Yangon,Member,Female,"Health and beauty",Cash
500-02-2261,Naypyitaw,Normal,Female,"Food and beverages",Ewallet
720-72-2436,Yangon,Normal,Male,"Food and beverages",Ewallet
702-83-5291,Naypyitaw,Member,Male,"Fashion accessories",Cash
809-69-9497,Yangon,Normal,Female,"Home and lifestyle",Ewallet
449-16-6770,Yangon,Normal,Male,"Health and beauty","Credit card"
333-23-2632,Yangon,Member,Male,"Health and beauty",Cash
489-82-1237,Yangon,Normal,Female,"Electronic accessories","Credit card"
859-97-6048,Naypyitaw,Member,Male,"Electronic accessories","Credit card"
676-10-2200,Mandalay,Member,Male,"Fashion accessories",Ewallet
373-88-1424,Naypyitaw,Member,Male,"Home and lifestyle",Ewallet
365-16-4334,Mandalay,Normal,Female,"Food and beverages",Ewallet
503-21-4385,Mandalay,Member,Male,"Health and beauty",Ewallet
305-89-2768,Mandalay,Member,Female,"Home and lifestyle",Ewallet
574-80-1489,Mandalay,Member,Female,"Food and beverages",Ewallet
784-08-0310,Naypyitaw,Member,Female,"Food and beverages",Cash
200-40-6154,Mandalay,Member,Male,"Home and lifestyle",Cash
846-10-0341,Yangon,Normal,Female,"Fashion accessories",Cash
577-34-7579,Naypyitaw,Member,Male,"Food and beverages",Cash
430-02-3888,Mandalay,Normal,Male,"Electronic accessories",Cash
867-47-1948,Naypyitaw,Normal,Female,"Home and lifestyle",Cash
384-59-6655,Yangon,Member,Female,"Food and beverages",Cash
256-58-3609,Naypyitaw,Member,Male,"Fashion accessories",Cash
324-92-3863,Yangon,Member,Male,"Electronic accessories",Cash
593-08-5916,Yangon,Normal,Female,"Fashion accessories","Credit card"
364-34-2972,Naypyitaw,Member,Male,"Electronic accessories",Cash
794-42-3736,Mandalay,Normal,Male,"Food and beverages","Credit card"
172-42-8274,Mandalay,Normal,Female,"Electronic accessories","Credit card"
558-60-5016,Yangon,Normal,Female,"Home and lifestyle",Ewallet
195-06-0432,Yangon,Member,Male,"Home and lifestyle","Credit card"
605-03-2706,Yangon,Normal,Female,"Health and beauty",Cash
214-30-2776,Mandalay,Member,Female,"Electronic accessories","Credit card"
746-04-1077,Mandalay,Member,Female,"Food and beverages","Credit card"
448-34-8700,Mandalay,Member,Male,"Home and lifestyle",Ewallet
452-04-8808,Mandalay,Normal,Male,"Electronic accessories",Cash
531-56-4728,Yangon,Normal,Male,"Home and lifestyle",Cash
744-82-9138,Naypyitaw,Normal,Male,"Fashion accessories",Cash
883-69-1285,Mandalay,Member,Male,"Fashion accessories","Credit card"
221-25-5073,Yangon,Normal,Female,"Food and beverages",Cash
518-71-6847,Mandalay,Member,Male,"Food and beverages",Ewallet
156-20-0370,Mandalay,Normal,Female,"Electronic accessories","Credit card"
151-33-7434,Mandalay,Normal,Female,"Food and beverages","Credit card"
728-47-9078,Naypyitaw,Member,Male,"Food and beverages",Cash
809-46-1866,Yangon,Normal,Male,"Health and beauty",Cash
139-32-4183,Yangon,Member,Female,"Sports and travel",Ewallet
148-41-7930,Naypyitaw,Normal,Male,"Health and beauty",Cash
189-40-5216,Naypyitaw,Normal,Male,"Electronic accessories",Cash
374-38-5555,Mandalay,Normal,Female,"Fashion accessories",Ewallet
764-44-8999,Mandalay,Normal,Female,"Health and beauty",Ewallet
552-44-5977,Mandalay,Member,Male,"Health and beauty","Credit card"
267-62-7380,Naypyitaw,Member,Male,"Electronic accessories",Ewallet
430-53-4718,Mandalay,Member,Male,"Health and beauty","Credit card"
886-18-2897,Yangon,Normal,Female,"Food and beverages","Credit card"
602-16-6955,Mandalay,Normal,Female,"Sports and travel",Ewallet
745-74-0715,Yangon,Normal,Male,"Electronic accessories",Ewallet
690-01-6631,Mandalay,Normal,Male,"Fashion accessories",Ewallet
652-49-6720,Naypyitaw,Member,Female,"Electronic accessories",Ewallet
233-67-5758,Naypyitaw,Normal,Male,"Health and beauty",Ewallet
303-96-2227,Mandalay,Normal,Female,"Home and lifestyle",Ewallet
727-02-1313,Yangon,Member,Male,"Food and beverages",Cash
347-56-2442,Yangon,Normal,Male,"Home and lifestyle",Cash
849-09-3807,Yangon,Member,Female,"Fashion accessories",Cash
